"user_id","leading_eigen","cluster_louvain","label_propagation","random_walktrap"
"31",1,20,1,5
"10",1,20,1,5
"437",1,20,1,5
"789",1,21,1,5
"1112",1,20,1,5
"3408",1,20,1,5
"10475",1,20,1,5
"12956",1,20,1,5
"21",15,8,2,2
"2972",15,8,2,2
"12672",16,1,2,2
"1307",1,20,1,5
"2429",1,20,1,5
"3306",1,12,1,5
"4461",1,20,1,5
"5906",1,20,1,5
"6821",1,20,1,5
"7784",1,12,1,5
"8338",1,20,1,5
"8972",1,20,1,5
"11305",1,12,1,5
"13103",1,12,1,5
"14543",1,12,1,5
"5680",15,8,2,2
"34",15,8,2,2
"6183",15,8,2,2
"8135",16,1,2,2
"9196",15,8,2,2
"11843",15,8,2,2
"36",1,12,1,5
"5015",1,12,1,5
"740",1,20,1,5
"45",1,20,1,5
"1973",1,20,1,5
"3592",1,20,1,5
"7549",1,21,1,5
"10952",15,21,1,5
"13111",1,20,1,5
"584",1,12,1,5
"5858",1,12,1,5
"51",1,12,1,5
"7970",1,21,1,5
"9100",1,12,1,5
"11676",1,12,1,5
"52",1,12,1,5
"63",1,16,1,5
"10181",1,12,1,5
"2734",16,8,2,2
"78",16,8,2,2
"82",15,21,1,9
"1594",16,1,2,1
"109",16,1,2,2
"8694",16,1,2,1
"830",1,12,1,5
"2260",15,21,1,2
"3887",1,21,1,5
"115",15,8,1,2
"4867",1,20,1,5
"11337",1,20,1,5
"11940",1,20,1,5
"393",1,12,1,5
"621",1,12,1,5
"1830",1,12,1,5
"2160",1,20,1,5
"3333",1,20,1,5
"3603",1,12,1,5
"3937",1,20,1,5
"4276",1,12,1,5
"5147",1,20,1,5
"5401",1,12,1,5
"121",1,20,1,5
"6702",1,20,1,5
"6869",1,20,1,5
"7021",1,20,1,5
"7048",1,12,1,5
"7178",1,20,1,5
"7859",1,12,1,5
"7950",1,20,1,5
"8362",1,12,1,5
"9225",1,12,1,5
"9877",1,20,1,5
"10571",1,12,1,5
"12874",1,12,1,5
"13208",1,20,1,5
"13522",1,20,1,5
"15073",1,20,1,5
"4084",1,12,1,5
"7337",1,12,1,5
"11859",1,12,1,5
"13263",1,12,1,5
"133",16,21,2,2
"1380",16,1,2,2
"4378",15,21,1,2
"9368",16,1,2,1
"12257",15,8,2,2
"656",16,1,2,1
"140",16,1,2,1
"2350",16,1,2,1
"143",15,8,2,2
"11266",15,8,2,2
"1566",16,1,2,1
"5491",16,1,2,1
"164",16,1,2,1
"1008",1,12,1,5
"169",1,20,1,5
"2405",1,12,1,5
"2737",1,20,1,5
"4520",1,20,1,5
"10500",1,20,1,5
"2934",15,8,2,2
"8329",15,8,2,2
"13690",15,8,2,2
"686",1,12,1,5
"946",1,12,1,5
"1172",1,12,1,5
"2196",1,12,1,5
"182",1,12,1,5
"3549",1,12,1,5
"4228",1,12,1,5
"4251",1,12,1,5
"4596",1,12,1,5
"5881",1,12,1,5
"5954",15,8,1,2
"6059",1,20,1,5
"6962",1,12,1,5
"9134",1,8,1,2
"9596",1,21,1,2
"9905",1,12,1,5
"12152",1,20,1,5
"12497",1,12,1,5
"12893",16,21,2,1
"13356",1,20,1,5
"13364",1,20,1,5
"13989",1,12,1,5
"1068",1,20,1,5
"187",1,20,1,5
"2278",1,20,1,5
"2330",16,1,2,1
"2399",1,20,1,5
"7991",1,20,1,5
"10736",1,20,1,5
"12252",1,20,1,5
"2872",15,8,2,4
"6039",16,1,2,1
"6546",16,1,2,1
"10776",16,1,2,1
"11750",16,1,2,1
"7423",15,8,2,2
"2129",15,8,2,2
"1183",1,16,1,5
"2596",1,12,1,5
"2986",1,20,1,5
"3212",1,20,1,5
"3577",1,12,1,5
"207",1,12,1,5
"5452",1,12,1,5
"7242",1,12,1,5
"8717",1,12,1,5
"13807",1,12,1,5
"240",1,20,1,5
"7746",1,12,1,5
"8133",1,20,1,5
"7962",1,12,1,5
"10270",1,12,1,5
"254",1,12,1,5
"264",16,1,2,1
"7480",16,1,2,1
"12984",16,1,2,1
"271",15,8,2,2
"6693",15,8,2,2
"6719",15,8,2,2
"8844",16,1,2,2
"4123",15,8,2,2
"5075",15,8,2,2
"282",15,8,2,2
"306",16,1,2,1
"4532",16,1,2,1
"4822",16,1,2,1
"4830",16,1,2,1
"8119",16,1,1,1
"8548",15,8,2,2
"11571",16,1,2,1
"12075",16,1,2,1
"13635",16,1,2,1
"345",1,12,1,5
"1024",1,12,1,5
"2866",1,20,1,5
"3404",1,12,1,5
"347",1,20,1,5
"10690",1,20,1,5
"1163",16,8,2,2
"9903",1,20,1,5
"12330",1,20,1,5
"13986",1,20,1,5
"2069",16,1,2,1
"365",16,1,2,1
"834",16,1,2,1
"8646",16,1,2,1
"390",1,20,1,5
"401",15,21,1,52
"413",15,21,1,49
"10568",2,3,3,66
"12276",16,1,2,1
"1825",15,18,2,1
"432",16,8,2,5
"6527",16,1,2,1
"14883",16,8,2,5
"3203",1,12,1,5
"7845",1,20,1,5
"8053",1,20,1,5
"8858",1,20,1,5
"921",16,8,2,2
"447",15,8,2,2
"2578",16,1,2,1
"6221",16,1,2,1
"449",1,12,1,5
"2533",1,20,1,5
"3167",1,12,1,5
"3986",1,12,1,5
"8265",1,12,1,5
"9949",1,12,1,5
"10105",1,12,1,5
"10311",1,12,1,5
"11006",1,20,1,5
"11178",1,12,1,5
"11331",1,12,1,5
"11461",1,12,1,5
"11862",1,12,1,5
"458",1,12,1,5
"14068",1,12,1,5
"14551",1,12,1,5
"470",16,16,2,1
"8294",1,16,1,1
"471",15,8,2,2
"8999",16,8,2,10
"11817",16,1,2,1
"539",16,1,2,1
"5204",16,1,2,1
"6451",16,1,2,1
"9682",16,1,2,1
"13473",16,1,2,1
"10432",15,8,1,2
"822",1,12,1,5
"567",15,21,1,5
"3200",1,12,1,5
"5103",1,21,1,5
"568",1,20,1,5
"648",1,12,1,5
"996",1,12,1,5
"1580",1,12,1,5
"2004",1,12,1,5
"2371",1,12,1,5
"2601",1,12,1,5
"2908",1,12,1,5
"3933",1,20,1,5
"4047",1,12,1,5
"4086",1,12,1,5
"5980",1,12,1,5
"6602",1,12,1,5
"6745",1,12,1,5
"6815",1,12,1,5
"6874",1,12,1,5
"6961",1,12,1,5
"6984",1,12,1,5
"7335",1,12,1,5
"7398",1,20,1,5
"8728",1,12,1,5
"8793",1,12,1,5
"8850",1,20,1,5
"9025",1,12,1,5
"9358",1,12,1,5
"9593",1,12,1,5
"9944",1,12,1,5
"10341",1,12,1,5
"10397",1,12,1,5
"11608",1,12,1,5
"12144",1,12,1,5
"12428",1,12,1,5
"12516",1,12,1,5
"12625",1,12,1,5
"12739",1,12,1,5
"13540",1,12,1,5
"13598",1,12,1,5
"13621",1,12,1,5
"13648",1,12,1,5
"13901",1,12,1,5
"14238",1,20,1,5
"14369",1,12,1,5
"12554",16,1,2,1
"606",1,12,1,5
"9747",1,12,1,5
"11328",1,12,1,5
"1184",1,12,1,5
"1933",15,16,1,5
"614",15,16,1,5
"15070",16,16,1,60
"620",16,1,2,1
"625",16,8,1,5
"8113",1,20,1,5
"10260",16,1,2,1
"12091",16,1,2,1
"637",15,8,2,2
"3728",15,21,1,5
"697",1,12,1,5
"4534",16,1,2,1
"5463",16,1,2,1
"7359",16,1,2,1
"8392",16,1,2,1
"9178",16,1,2,1
"12129",15,21,1,2
"657",1,12,1,5
"5014",1,20,1,5
"11459",1,12,1,5
"14004",15,21,1,2
"679",16,1,2,1
"4303",16,1,2,1
"1764",1,20,1,5
"4548",16,1,2,1
"702",16,1,2,1
"6289",16,1,2,1
"10288",16,1,2,1
"13317",16,1,2,1
"13447",1,8,1,5
"3671",1,12,1,5
"718",1,12,1,5
"9853",1,12,1,5
"728",1,21,1,5
"730",1,20,1,5
"11296",1,12,1,5
"2143",1,12,1,5
"4417",1,12,1,5
"6641",1,12,1,5
"9350",1,20,1,5
"11753",1,12,1,5
"8715",16,8,2,2
"14913",16,8,2,2
"895",16,1,2,1
"973",16,1,2,1
"749",16,1,2,1
"5707",16,1,2,1
"7731",16,1,2,1
"8848",16,1,2,1
"14990",15,8,2,2
"7322",15,8,2,16
"762",1,20,1,5
"5939",1,20,1,5
"13812",1,20,1,5
"14945",1,12,1,5
"13757",1,20,1,5
"801",1,20,1,5
"1760",15,8,2,2
"960",1,20,1,5
"818",1,12,1,5
"10726",1,20,1,5
"3533",1,12,1,5
"5337",1,20,1,5
"7189",1,12,1,5
"8347",1,12,1,5
"10118",1,12,1,5
"10437",1,12,1,5
"11151",1,12,1,5
"3519",1,12,1,5
"833",1,16,1,2
"963",1,21,1,5
"8147",16,21,1,5
"10241",1,12,1,5
"835",1,21,1,5
"14285",1,12,1,5
"1675",16,8,2,24
"837",15,8,4,24
"4646",1,20,1,5
"9932",1,20,1,5
"15026",16,1,2,1
"840",1,21,1,5
"6946",1,12,1,5
"13105",1,12,1,5
"848",1,20,1,26
"917",1,12,1,5
"5531",1,20,1,5
"9895",1,12,1,5
"940",16,1,2,2
"4587",1,12,1,5
"5277",16,1,2,1
"5293",16,1,2,1
"7293",16,1,2,1
"8218",16,1,2,1
"9176",16,1,2,1
"9714",16,1,2,2
"9888",16,1,2,1
"10178",1,12,1,5
"10271",16,1,2,1
"10691",16,1,2,1
"11671",16,1,2,1
"12827",16,8,1,5
"12901",16,1,2,1
"14305",1,12,1,5
"14404",16,1,2,1
"14898",16,1,2,1
"15242",16,1,2,1
"2878",1,12,1,5
"948",1,12,1,5
"4472",15,16,5,36
"743",16,1,2,1
"2313",16,1,2,1
"2393",16,1,2,1
"3915",16,1,2,1
"4650",16,1,2,1
"4667",16,1,2,1
"5314",16,1,2,1
"6163",16,1,2,1
"7888",16,1,2,1
"8426",16,1,2,1
"9089",16,1,2,1
"9742",16,1,2,1
"9912",16,1,2,1
"12435",16,1,2,1
"12546",16,1,2,1
"13120",16,1,2,1
"14628",16,1,2,1
"1897",16,1,2,1
"4102",16,1,2,1
"976",16,1,2,1
"7075",16,1,2,1
"14812",16,1,2,1
"998",15,8,1,50
"1002",15,21,2,2
"2057",1,12,1,5
"3179",1,12,1,5
"5223",1,12,1,5
"6570",1,12,1,5
"6648",1,12,1,5
"6955",1,20,1,5
"7252",1,12,1,5
"8168",1,12,1,5
"8201",1,12,1,5
"9171",1,12,1,5
"11156",1,20,1,5
"11818",1,12,1,5
"11968",1,20,1,5
"13585",1,12,1,5
"3357",1,12,1,5
"3857",1,12,1,5
"7887",1,12,1,5
"9255",1,12,1,5
"1031",1,20,1,5
"10278",1,12,1,5
"1523",1,20,1,5
"1067",1,21,1,5
"11868",1,12,1,5
"1881",1,12,1,5
"3110",1,12,1,5
"1076",1,20,1,5
"4705",15,8,2,43
"1079",15,8,2,43
"4476",1,12,1,5
"5714",1,20,1,5
"6853",15,8,2,2
"7313",1,12,1,5
"7889",1,12,1,5
"10364",1,20,1,5
"11642",1,20,1,5
"14777",1,12,1,5
"1087",1,12,1,2
"1088",15,8,2,2
"10303",16,1,2,1
"1101",16,1,2,1
"1105",15,8,2,2
"5921",15,21,1,2
"1551",15,21,6,39
"5822",1,20,1,5
"7578",15,16,7,41
"4964",15,12,1,5
"10184",15,8,2,2
"1168",1,20,1,5
"6937",3,4,8,74
"2915",1,12,1,5
"3802",1,12,1,5
"4637",1,12,1,5
"9993",1,20,1,5
"12912",1,12,1,5
"14674",1,20,1,5
"1243",15,8,2,2
"1257",1,20,1,5
"3309",1,20,1,5
"4760",1,20,1,5
"4879",1,20,1,5
"6177",1,20,1,5
"7137",1,20,1,5
"8121",1,20,1,5
"12609",1,20,1,5
"5102",15,8,2,2
"1260",1,12,1,5
"11457",1,12,1,5
"13159",1,12,1,5
"13823",1,12,1,5
"14586",1,8,1,5
"1262",16,1,2,1
"4229",16,1,2,1
"5765",16,1,2,1
"5999",16,1,2,1
"7811",16,1,2,1
"11804",16,1,2,1
"12442",16,1,2,1
"14158",16,1,2,1
"4708",16,1,2,1
"8501",16,1,2,1
"13548",16,1,2,1
"15217",16,1,2,1
"1329",1,12,1,5
"2738",1,20,1,5
"8539",16,1,2,1
"14884",16,1,2,1
"1354",15,8,2,2
"1373",16,8,2,2
"1402",16,8,2,2
"4269",16,21,1,2
"1430",1,12,1,5
"1445",1,20,1,5
"1467",15,8,2,2
"1474",1,12,1,5
"1483",1,20,1,5
"1487",1,20,1,5
"1494",4,2,9,71
"11906",4,2,9,71
"15067",4,2,9,71
"1515",16,1,2,2
"2699",15,8,10,7
"1525",15,8,10,7
"3051",1,12,1,5
"1544",1,12,1,5
"7241",1,12,1,5
"7482",1,12,1,5
"8742",1,20,1,5
"14118",1,12,1,5
"1549",16,8,2,2
"1565",16,1,2,1
"10907",16,1,2,1
"1568",1,12,1,5
"1569",1,12,1,5
"8054",16,1,2,1
"1596",15,8,2,12
"2723",1,20,1,5
"1598",15,10,1,2
"1609",5,5,11,73
"1705",1,20,1,5
"6280",15,8,1,37
"6987",1,20,1,5
"1651",1,12,1,5
"7753",1,12,1,5
"13817",1,12,1,5
"14860",1,12,1,5
"8508",15,21,1,5
"1662",16,1,2,1
"7477",16,1,2,1
"9680",16,1,2,1
"9938",16,1,2,1
"1694",1,20,1,5
"2527",15,8,2,2
"15219",16,1,2,1
"1698",15,8,12,54
"5283",15,8,2,2
"5292",15,8,2,2
"1928",1,12,1,5
"11162",1,20,1,5
"11659",1,20,1,5
"12589",1,20,1,5
"3790",15,8,2,2
"1718",6,6,13,63
"3027",15,16,7,1
"1756",1,21,1,5
"1787",1,20,1,5
"5966",16,1,2,1
"7585",16,1,2,1
"3393",1,12,1,5
"4677",1,12,1,5
"13602",1,12,1,5
"14098",1,20,1,5
"1838",1,12,1,5
"1870",15,8,14,21
"9969",1,12,1,5
"11146",1,20,1,5
"14061",1,12,1,5
"11363",16,1,2,1
"2453",1,20,1,5
"3554",15,8,2,2
"10130",1,12,1,5
"1916",1,20,1,5
"8682",7,7,15,67
"5236",1,20,1,5
"1946",15,8,1,32
"13318",15,8,1,4
"9241",15,21,1,2
"11790",15,8,2,10
"2019",16,1,2,1
"2502",16,1,2,1
"4866",16,1,2,1
"9740",16,1,2,1
"11132",1,21,1,2
"2633",1,12,1,1
"5764",15,1,2,2
"9604",1,21,1,2
"191",16,1,2,1
"2065",16,1,2,1
"4702",16,1,2,1
"6349",16,1,2,1
"7739",16,1,2,1
"10168",16,1,2,1
"10944",16,1,2,1
"11927",16,1,2,1
"2096",15,21,1,5
"4653",1,21,1,5
"2155",1,12,1,5
"7188",1,20,1,5
"6094",8,9,16,72
"2180",1,20,1,5
"5040",1,12,1,5
"10704",15,8,1,5
"2207",1,20,1,5
"2214",1,20,1,5
"4186",1,12,1,5
"2238",1,20,1,5
"3753",16,1,2,1
"4237",16,1,2,1
"2246",16,1,2,1
"7475",1,12,1,5
"10501",1,12,1,5
"14993",1,12,1,5
"2322",16,1,2,1
"3665",1,12,1,5
"2335",16,1,2,1
"2360",1,20,1,5
"3716",15,20,1,38
"13675",1,20,1,5
"13970",16,8,2,4
"9737",16,1,2,1
"2674",1,12,1,5
"3356",1,12,1,5
"3893",1,12,1,5
"4634",1,20,1,5
"2427",1,20,1,5
"12030",1,12,1,5
"13266",1,12,1,5
"13466",1,20,1,5
"4615",15,8,2,2
"2471",15,8,2,2
"14394",15,8,1,5
"5109",16,1,2,2
"2499",1,12,1,5
"6857",1,12,1,5
"6888",1,12,1,5
"7963",1,12,1,5
"11391",1,12,1,5
"3091",16,1,2,2
"4833",1,20,1,5
"8105",1,20,1,5
"14781",1,12,1,5
"2562",1,12,1,5
"7672",1,12,1,5
"2582",1,12,1,5
"2591",1,12,1,5
"2593",1,12,1,5
"13534",1,12,1,5
"3717",1,20,1,5
"4980",1,16,1,5
"5916",1,20,1,5
"6436",1,20,1,5
"2613",1,20,1,5
"12964",1,12,1,5
"2660",15,8,1,5
"2730",1,12,1,5
"12701",1,12,1,5
"2755",1,20,1,5
"6401",1,20,1,5
"8769",1,20,1,5
"15204",1,20,1,5
"5360",16,16,1,2
"6084",1,12,1,5
"2833",1,21,1,5
"2849",1,20,1,5
"3383",1,20,1,5
"5021",1,12,1,5
"6354",1,20,1,5
"6696",1,12,1,5
"8546",1,20,1,5
"2876",1,12,1,5
"2891",15,8,17,61
"11712",15,8,17,34
"7874",1,12,1,5
"5199",1,12,1,5
"12376",1,12,1,5
"14414",1,12,1,5
"14708",15,8,2,31
"2920",1,12,1,5
"10737",1,12,1,5
"2950",16,1,2,1
"14925",16,8,2,1
"3009",1,12,1,5
"3028",15,8,1,2
"3029",1,12,1,5
"11531",16,1,2,29
"6876",1,12,1,5
"10774",1,12,1,5
"3065",1,8,1,5
"3132",16,1,2,1
"7421",16,1,2,1
"3137",1,8,1,2
"3150",16,1,2,1
"3152",15,8,2,3
"12943",16,1,2,3
"11407",1,12,1,5
"12259",1,12,1,5
"12283",1,12,1,5
"13543",1,12,1,5
"15015",1,12,1,5
"6901",1,12,1,5
"12178",1,12,1,5
"12439",1,20,1,5
"3217",1,12,1,5
"11302",1,12,1,5
"2846",15,21,1,2
"13834",15,8,2,2
"6501",1,21,1,5
"4890",1,12,1,5
"6516",1,21,1,5
"3332",16,1,2,1
"3362",1,12,1,5
"5583",1,12,1,5
"11225",1,12,1,5
"11973",1,12,1,5
"5132",15,8,2,33
"3457",1,20,1,5
"13827",1,20,1,5
"3458",16,1,2,1
"9357",16,1,2,1
"3474",1,20,1,5
"3500",1,20,1,5
"11098",1,20,1,5
"3507",1,12,1,5
"10359",1,12,1,5
"10782",1,12,1,5
"13335",1,12,1,5
"14562",1,12,1,5
"8299",1,12,1,5
"8823",1,20,1,5
"3553",15,8,2,2
"6178",1,10,1,14
"3571",1,10,1,14
"12003",15,10,1,14
"6345",1,12,1,5
"3639",1,12,1,5
"3670",1,20,1,5
"10141",1,20,1,5
"14315",15,20,1,5
"6179",1,18,1,5
"11682",1,12,1,5
"4821",1,12,1,5
"8530",16,1,2,1
"3778",16,1,1,1
"10890",16,1,2,1
"13154",1,21,1,5
"13919",1,12,1,5
"3792",16,1,2,1
"11668",1,12,1,5
"3845",1,12,1,5
"3856",15,21,1,5
"8644",16,1,2,1
"3874",1,20,1,5
"12287",1,12,1,5
"12607",1,12,1,5
"13761",1,20,1,5
"8920",1,12,1,5
"10837",1,20,1,5
"4010",1,12,1,5
"4014",1,20,1,5
"4019",1,12,1,5
"5849",1,12,1,5
"4750",4,2,9,71
"4064",1,20,1,5
"2272",16,1,2,1
"8112",16,1,2,1
"4078",16,1,2,1
"4083",1,12,1,5
"14051",15,12,1,5
"14481",1,20,1,5
"4214",1,12,1,28
"10110",1,12,1,5
"8632",16,1,2,1
"11775",16,1,2,1
"12895",16,1,2,1
"4769",16,1,2,1
"7130",1,12,1,5
"14622",1,20,1,5
"4131",16,1,1,1
"4368",1,20,1,5
"4369",1,12,1,5
"13965",9,11,18,78
"4418",16,1,2,1
"4793",16,1,2,1
"4421",16,1,2,1
"9341",16,1,2,1
"4431",1,12,1,5
"14464",1,12,1,5
"13877",15,8,2,15
"4465",16,1,2,1
"11707",1,20,1,5
"13396",1,20,1,5
"4489",1,12,1,5
"12166",15,16,1,2
"3710",15,8,2,2
"9892",1,20,1,5
"12831",1,20,1,5
"6808",16,8,2,4
"4558",1,21,1,8
"4573",15,21,1,2
"4617",1,12,1,5
"4631",1,21,1,5
"9024",1,12,1,5
"8293",1,20,1,5
"13539",1,20,1,5
"10304",1,12,1,5
"9309",1,12,1,5
"4766",1,12,1,5
"7456",1,12,1,5
"10161",1,20,1,5
"11424",1,20,1,5
"14937",1,12,1,5
"14026",1,20,1,5
"1704",15,8,2,2
"4808",15,8,2,2
"4823",1,12,1,5
"9034",1,12,1,5
"14403",1,12,1,5
"4831",1,20,1,5
"7916",15,8,2,2
"4864",1,12,1,5
"11388",1,12,1,5
"4889",16,1,2,1
"7373",1,20,1,5
"8280",16,8,2,4
"4988",1,20,1,5
"4992",1,12,1,5
"11171",16,1,2,1
"5029",15,21,1,2
"6662",1,12,1,5
"7433",1,12,1,5
"13544",1,20,1,5
"7517",15,8,2,2
"5115",15,8,2,44
"11313",1,12,1,5
"6134",16,1,2,25
"5166",16,13,19,53
"14135",15,13,19,53
"13390",16,1,2,1
"5274",1,20,1,5
"15194",15,8,2,2
"5342",1,20,1,5
"5659",1,20,1,5
"10862",1,20,1,5
"11623",1,21,1,5
"12860",16,8,2,2
"7733",1,12,1,5
"5435",1,12,1,5
"6327",16,1,2,45
"6792",15,8,2,2
"6210",15,21,1,8
"5453",1,12,1,5
"3443",1,20,1,5
"5552",1,20,1,5
"5554",15,8,2,6
"12816",15,21,1,5
"5579",15,8,2,20
"13422",1,20,1,5
"14683",1,12,1,5
"15220",1,12,1,5
"5646",15,16,1,1
"5699",1,20,1,5
"13059",1,20,1,5
"6355",1,20,1,5
"12675",1,20,1,5
"14187",1,20,1,5
"10686",1,12,1,5
"5731",1,12,1,5
"5773",1,20,1,5
"12148",16,21,20,42
"9433",15,8,2,11
"5812",16,16,2,1
"5821",1,12,1,5
"5831",1,20,1,5
"5866",16,1,2,1
"12568",16,1,2,1
"14183",16,1,2,1
"14806",16,1,2,1
"6373",1,12,1,5
"10922",1,20,1,2
"6559",16,16,1,5
"5911",1,20,1,5
"5994",15,8,2,2
"5996",15,14,21,58
"6003",15,8,4,13
"7294",1,20,1,5
"9050",1,20,1,5
"13715",1,12,1,5
"6111",16,1,2,2
"6118",15,21,1,2
"8939",16,1,2,1
"6145",1,20,1,5
"6164",16,1,2,1
"13576",1,12,1,5
"12906",1,12,1,5
"13133",16,1,2,2
"6200",15,8,2,2
"6209",16,1,2,1
"9992",16,1,2,2
"11040",16,1,2,1
"6213",16,1,2,1
"13074",16,1,2,1
"67",15,8,2,2
"7964",1,20,1,5
"10204",1,12,1,5
"258",15,8,2,2
"10117",16,1,2,1
"12887",16,1,2,1
"6452",15,8,2,62
"6472",1,20,1,5
"4460",15,21,1,15
"9869",1,20,1,5
"11644",16,1,2,2
"6568",15,8,2,2
"6576",1,20,1,5
"6588",15,1,2,2
"6600",16,1,2,3
"12695",1,12,1,5
"13336",1,12,1,5
"10544",15,21,1,57
"7732",1,20,1,5
"6680",16,1,2,48
"3329",16,8,2,5
"6965",1,12,1,5
"13391",1,12,1,5
"8878",16,1,2,2
"6776",1,12,1,5
"6783",15,8,2,2
"12179",15,8,2,2
"6803",1,12,1,5
"11578",15,8,1,2
"9137",15,15,22,59
"6920",1,20,1,5
"1657",15,8,2,2
"6939",15,1,2,2
"11027",1,20,1,5
"12654",1,20,1,5
"6949",1,12,1,5
"6976",1,12,1,5
"7024",1,20,1,5
"7037",16,1,2,1
"7047",1,20,1,5
"7159",1,16,1,5
"7167",1,12,1,5
"7201",1,21,1,17
"7202",15,16,1,5
"10771",15,8,1,2
"7244",15,21,1,2
"7250",15,21,1,2
"7254",1,12,1,5
"5301",16,1,2,2
"7317",1,12,1,5
"9208",1,12,1,5
"15139",1,12,1,5
"128",15,20,1,5
"7364",16,1,2,1
"7401",16,8,2,2
"7333",15,8,2,2
"8004",1,20,1,5
"7555",16,1,2,2
"7566",1,20,1,5
"8365",16,1,2,1
"13036",16,18,2,1
"13136",16,1,2,1
"7709",1,20,1,5
"9834",15,21,1,2
"7719",16,1,2,2
"10905",15,8,2,2
"7813",1,12,1,5
"7850",1,21,1,2
"7855",1,12,1,5
"7904",1,20,1,5
"13962",15,8,1,2
"7941",1,12,1,5
"13013",1,12,1,5
"2226",16,1,2,77
"8010",16,1,2,1
"8069",16,1,2,1
"10874",1,20,1,5
"8174",1,21,1,5
"8198",15,21,2,5
"659",1,20,1,5
"5439",15,8,2,27
"8267",15,8,23,40
"8309",10,17,24,68
"8314",15,18,2,1
"8339",16,1,2,1
"14047",1,1,1,1
"8343",16,1,2,1
"8370",15,12,1,5
"8400",15,8,2,2
"8413",16,21,2,51
"8465",1,12,1,5
"8469",16,1,2,1
"9163",15,8,23,40
"10850",1,12,1,5
"8609",1,20,1,5
"5771",15,18,2,30
"5867",16,8,2,69
"8783",1,20,1,5
"8787",15,21,1,2
"9215",11,19,25,65
"8923",1,20,1,5
"8934",16,1,2,1
"8965",1,21,1,5
"8969",15,12,1,5
"8997",15,8,26,56
"9044",1,20,1,5
"9105",1,20,1,5
"9116",1,20,1,5
"715",15,8,1,5
"2615",15,8,23,40
"9331",15,8,2,2
"9449",1,12,1,5
"521",15,1,2,2
"15196",16,1,2,1
"9378",15,8,2,12
"12537",1,12,1,5
"9943",15,8,27,46
"14091",16,1,2,1
"9486",15,8,2,2
"3648",1,21,1,5
"420",15,21,1,79
"9584",15,21,1,5
"1110",15,21,1,9
"9588",15,21,1,9
"12490",1,12,1,5
"6726",15,1,2,35
"9630",16,1,2,1
"8277",16,1,2,1
"9679",1,20,1,5
"9683",1,12,1,5
"9712",1,12,1,5
"9727",16,1,2,2
"11030",16,1,2,2
"10346",1,12,1,5
"8593",1,12,1,5
"9889",16,1,2,1
"9968",1,12,1,5
"8006",1,20,1,5
"13412",16,1,2,1
"10208",15,8,2,2
"5252",15,8,2,43
"10643",1,12,1,5
"10368",1,20,1,5
"5423",16,8,2,1
"6503",16,1,2,2
"10439",15,12,1,5
"10449",15,8,2,2
"11259",12,22,28,76
"2149",15,1,2,2
"7321",15,8,2,2
"10547",1,12,1,5
"10549",1,20,1,5
"1117",15,21,1,2
"14938",1,12,1,5
"10661",1,21,1,5
"11887",1,20,1,5
"11019",15,20,1,47
"10784",1,12,1,5
"10800",1,12,1,5
"10825",15,20,1,2
"9645",15,8,2,6
"1223",16,1,2,1
"13249",15,8,1,2
"10968",1,12,1,5
"10980",1,20,1,5
"5146",16,1,2,1
"11045",15,20,1,5
"13925",16,8,2,2
"786",15,21,1,5
"13839",15,8,1,2
"11080",1,20,1,5
"11116",15,8,29,18
"2011",16,1,2,2
"11217",1,21,1,5
"11234",1,12,1,5
"11262",1,20,1,5
"11726",1,12,1,5
"14855",1,20,1,5
"15193",1,20,1,5
"11381",1,12,1,5
"11616",1,12,1,55
"3175",16,1,2,1
"5963",16,21,1,1
"11685",16,1,2,1
"11729",1,20,1,5
"14374",1,20,1,5
"11807",15,21,1,5
"2056",16,1,2,1
"11046",1,20,1,5
"12109",16,20,1,5
"972",16,1,2,1
"12147",16,1,2,1
"12230",1,12,1,5
"3613",15,21,1,5
"12593",1,12,1,5
"12344",1,20,1,5
"8691",16,1,2,1
"12395",16,1,2,2
"12465",15,8,29,18
"4930",16,1,2,1
"12582",1,12,1,5
"12595",13,23,30,64
"12611",16,1,2,1
"12660",1,20,1,5
"5719",15,8,2,2
"10448",15,8,2,2
"12888",15,8,2,2
"12735",15,8,2,2
"1413",15,8,2,2
"6186",15,21,1,2
"6919",15,8,2,3
"8868",16,20,1,5
"13003",1,20,1,5
"11396",15,21,1,22
"352",16,8,2,2
"1362",16,1,2,2
"12570",1,12,1,5
"1687",15,8,2,2
"13469",15,8,2,2
"12146",15,1,2,16
"13567",1,21,1,2
"358",1,20,1,5
"13784",15,8,2,19
"13918",15,8,2,2
"7564",16,1,2,1
"14122",16,1,2,1
"9156",15,24,1,23
"14419",16,1,2,1
"14741",15,8,1,5
"4501",15,8,2,70
"14276",15,8,10,7
"9728",15,12,1,5
"15138",1,12,1,5
"8829",14,25,31,75
"14850",15,8,1,24
"15195",15,8,2,13
"13296",15,8,1,5
"13841",1,20,1,5
"42",15,21,1,5
"85",15,8,2,2
"107",15,8,2,2
"114",1,21,1,5
"120",1,20,1,5
"132",1,12,1,5
"134",15,1,2,2
"11911",15,8,2,2
"157",15,8,2,2
"6490",16,1,2,1
"5356",1,20,1,5
"5903",1,20,1,5
"172",15,8,2,2
"10857",15,8,1,2
"2156",1,21,1,5
"13014",1,12,1,5
"190",15,8,2,2
"200",15,8,1,2
"206",15,8,2,2
"9316",1,21,1,5
"214",15,21,1,5
"234",15,21,1,5
"14762",1,20,1,5
"250",1,12,1,5
"251",15,1,2,2
"10262",15,1,2,1
"266",15,8,2,2
"281",15,8,2,2
"1296",16,1,2,1
"313",15,8,2,2
"13095",1,21,1,5
"349",15,21,2,2
"354",15,8,2,2
"361",16,1,2,2
"376",15,8,1,5
"386",15,20,2,2
"391",1,21,1,5
"3320",1,12,1,5
"398",15,8,2,2
"399",15,8,2,2
"12461",15,21,1,52
"404",1,21,1,5
"11502",1,21,1,49
"416",2,3,3,66
"423",15,21,1,5
"425",15,8,2,1
"426",15,18,2,1
"427",15,1,2,2
"5625",16,8,2,2
"6683",15,8,2,5
"14443",15,8,2,5
"1135",1,20,1,5
"1611",1,20,1,5
"2288",1,20,1,5
"2907",1,21,1,5
"2965",1,20,1,5
"3058",1,20,1,5
"5016",1,20,1,5
"7282",15,20,1,5
"7828",15,1,2,2
"9355",1,20,1,5
"11235",16,20,1,5
"13462",1,20,1,5
"440",1,21,1,5
"441",1,21,1,5
"443",15,8,2,2
"448",16,1,2,1
"5726",1,12,1,5
"11784",1,12,1,5
"13293",1,21,1,5
"12484",1,20,1,5
"15077",1,12,1,5
"462",16,1,2,2
"469",15,8,2,2
"484",15,21,1,5
"499",15,1,2,2
"522",15,21,2,2
"533",16,1,2,2
"546",16,1,2,1
"551",15,8,1,2
"565",1,12,1,5
"2980",15,21,1,5
"2398",1,21,1,5
"2482",1,12,1,5
"3327",1,21,1,5
"3833",1,12,1,5
"4310",1,12,1,5
"4424",1,12,1,5
"4550",1,20,1,5
"9607",1,12,1,5
"10217",1,12,1,5
"12793",1,21,1,5
"595",16,1,2,1
"8705",1,12,1,5
"9481",16,1,2,1
"357",1,12,1,5
"1602",1,21,1,5
"6608",1,12,1,5
"6657",1,12,1,5
"7862",1,21,1,5
"11437",1,20,1,5
"12378",1,12,1,5
"14530",15,8,1,37
"2484",15,8,2,2
"639",15,21,1,5
"3516",1,12,1,5
"653",1,12,1,5
"1433",16,1,2,2
"3103",16,1,2,2
"669",15,21,2,2
"672",15,8,2,2
"676",15,8,2,2
"677",15,1,2,2
"4925",1,8,1,2
"12538",15,21,1,2
"14919",1,12,1,5
"687",15,8,2,2
"733",1,12,1,5
"704",15,21,1,5
"3635",1,21,1,5
"2354",1,20,1,5
"4408",1,20,1,5
"4665",1,20,1,5
"4697",15,20,1,2
"7671",1,20,1,5
"8399",1,20,1,5
"8741",15,20,1,2
"10489",1,21,1,5
"10674",1,12,1,5
"11044",1,20,1,5
"13025",1,12,1,5
"13753",1,20,1,2
"15159",1,20,1,5
"760",15,8,2,16
"771",1,12,1,5
"815",15,8,1,2
"8654",1,12,1,5
"10100",1,20,1,5
"6146",15,16,1,37
"3391",16,1,2,1
"8831",16,1,2,1
"11456",16,1,2,2
"4008",15,8,4,24
"4193",16,8,4,24
"6123",15,8,4,24
"8736",15,8,2,2
"9525",15,8,4,24
"13941",15,8,4,24
"838",15,8,2,2
"231",1,21,1,5
"7408",1,21,1,5
"8751",15,21,1,5
"9186",15,21,1,5
"841",15,21,1,5
"2942",1,12,1,5
"7593",15,20,1,26
"861",15,16,1,5
"937",15,1,2,2
"450",16,1,2,2
"699",16,1,2,2
"1767",16,1,2,2
"1994",16,1,2,2
"2491",16,1,2,2
"2844",16,1,2,2
"4499",16,1,2,2
"5136",16,8,2,4
"6286",15,8,2,2
"7819",1,1,1,2
"7997",16,1,2,77
"8208",16,1,2,2
"8455",16,1,1,2
"8837",16,18,2,1
"10050",16,21,1,2
"10325",16,1,2,2
"11039",16,1,2,2
"11569",16,1,2,2
"12470",1,20,1,5
"13980",16,1,2,2
"14244",15,8,2,2
"14422",15,1,2,2
"12648",1,20,1,5
"14321",1,12,1,5
"950",1,21,1,5
"956",15,16,5,36
"873",16,1,2,1
"1880",16,1,2,1
"10371",16,1,2,1
"5049",1,12,1,5
"6493",15,8,1,50
"5331",15,21,2,2
"3066",1,21,1,5
"6989",1,8,1,5
"9413",1,20,1,5
"10920",1,12,1,5
"14907",1,21,1,5
"5666",1,21,1,5
"8486",1,20,1,5
"9515",1,21,1,5
"8286",16,1,2,2
"13487",15,8,1,37
"1032",1,21,1,5
"1033",1,20,1,5
"1039",15,8,2,2
"1054",1,20,1,5
"1055",1,12,1,5
"1062",15,8,2,2
"4539",1,20,1,5
"4590",1,20,1,5
"6390",1,12,1,5
"13406",1,20,1,5
"1075",1,8,1,2
"9098",1,20,1,5
"1081",1,20,1,5
"1090",15,8,2,2
"14256",16,1,2,1
"6233",1,20,1,2
"14353",16,8,2,2
"1902",1,12,1,5
"10882",1,20,1,5
"12980",1,20,1,5
"1120",15,21,1,5
"1125",15,21,1,5
"1138",15,8,2,2
"1152",16,8,2,2
"1155",15,16,7,41
"6477",15,21,1,2
"1171",3,4,8,74
"3707",15,12,1,5
"1175",15,21,1,5
"1189",15,16,1,5
"2042",15,16,1,2
"2549",15,16,1,5
"4202",15,16,1,5
"4918",15,16,1,5
"5055",16,16,1,5
"6121",16,1,2,2
"6433",15,16,1,5
"8908",15,16,1,5
"9117",15,16,1,60
"10425",15,16,1,5
"10730",15,16,1,5
"11812",1,20,1,5
"12222",15,16,1,5
"13852",15,16,1,60
"14216",1,21,1,5
"14605",1,20,1,5
"14748",15,16,1,32
"14787",1,16,1,5
"15221",15,16,1,36
"1187",15,16,5,36
"1207",1,20,1,5
"1218",1,21,1,5
"1241",1,21,1,5
"12322",1,12,1,5
"1258",1,8,1,5
"3390",1,12,1,5
"1806",16,1,2,1
"3018",16,1,2,1
"14467",16,1,2,1
"14537",16,1,2,1
"1280",15,21,1,5
"1318",16,1,2,1
"1336",16,1,2,1
"1337",15,8,2,2
"1340",16,1,2,1
"1345",15,8,2,2
"14203",15,8,1,2
"1363",15,8,2,2
"1398",15,8,2,2
"1412",15,21,2,2
"1415",16,1,2,2
"1416",16,21,1,2
"1424",1,20,1,5
"1429",15,21,1,5
"1456",15,8,2,2
"5508",16,1,2,1
"11064",15,8,2,2
"13268",15,20,1,5
"4023",4,2,9,71
"1497",15,8,2,2
"12761",15,8,10,7
"7227",1,21,1,5
"6448",15,8,2,2
"1559",16,1,2,1
"9858",16,1,2,1
"1606",16,1,2,1
"1722",16,16,7,1
"2603",16,1,2,1
"2683",16,1,2,1
"2746",16,1,2,2
"2951",16,1,2,1
"2959",16,1,2,1
"3360",16,1,2,1
"3875",16,1,2,1
"4432",16,1,2,1
"5258",16,1,2,1
"6202",16,1,2,1
"6324",16,1,2,1
"6548",16,1,2,1
"6985",16,1,2,1
"8011",16,1,2,1
"8072",16,1,2,1
"8100",16,1,2,1
"9018",16,1,2,1
"9848",16,1,2,2
"9927",16,8,2,2
"10064",16,1,2,1
"10242",16,1,2,2
"10996",16,1,2,1
"11038",16,8,10,7
"11664",16,1,2,1
"11678",16,1,2,1
"11851",16,8,2,2
"11963",16,1,2,2
"12114",15,8,2,2
"12160",16,1,2,2
"12335",16,1,2,2
"12389",16,1,2,1
"12581",16,1,2,2
"13077",16,1,2,1
"13551",16,1,2,1
"13586",16,1,2,1
"13740",16,1,2,1
"13791",16,1,2,1
"14210",16,1,2,1
"14435",16,1,2,1
"14780",16,1,2,1
"1570",1,20,1,5
"1573",1,16,1,2
"1587",15,8,2,2
"6591",16,1,2,2
"1599",15,8,2,2
"10247",5,5,11,73
"1620",1,21,1,5
"1647",15,21,1,5
"3741",1,12,1,5
"7194",1,20,1,5
"1659",15,21,1,5
"12380",16,1,2,1
"7779",1,20,1,5
"1696",16,1,2,1
"13415",15,8,12,54
"4710",1,20,1,5
"9259",15,8,1,2
"1709",15,21,1,5
"1715",15,8,2,2
"7295",6,6,13,63
"1727",1,20,1,5
"1739",1,20,1,5
"1755",1,21,1,5
"4827",1,12,1,5
"1777",15,8,2,2
"11164",16,1,2,1
"1833",16,1,2,1
"14287",15,21,1,5
"14905",15,21,1,5
"1858",15,8,2,2
"6930",15,8,14,21
"7911",15,8,14,21
"9641",15,8,2,21
"9838",15,8,2,2
"13594",15,8,14,21
"1872",15,8,1,5
"6785",1,12,1,5
"1884",15,8,2,2
"1887",15,8,2,2
"1898",15,21,1,5
"1922",1,21,1,5
"1924",7,7,15,67
"2356",1,21,1,5
"1941",15,21,1,5
"10461",15,8,1,32
"12384",15,8,1,32
"14587",15,8,1,32
"1960",15,8,2,2
"1961",16,1,2,2
"1970",15,8,2,2
"5433",1,20,1,5
"5670",1,20,1,5
"6350",1,21,1,5
"6367",1,20,1,5
"6904",1,20,1,5
"7261",1,20,1,5
"7402",1,20,1,5
"10055",1,21,1,5
"10301",1,20,1,5
"13073",15,20,2,2
"13822",1,12,1,5
"14963",1,20,1,5
"1999",15,8,2,2
"2001",15,8,2,2
"5876",1,12,1,5
"12119",16,1,2,1
"2026",1,12,1,5
"2028",15,8,2,37
"2063",16,1,2,1
"5525",16,1,2,1
"10244",16,1,2,1
"14191",16,1,2,1
"5605",16,1,2,1
"2079",15,8,2,10
"2084",16,1,2,1
"2099",15,1,2,2
"3060",15,8,2,2
"6190",15,8,2,2
"6653",15,8,2,2
"3723",1,12,1,5
"6943",1,21,1,5
"2159",15,8,2,2
"2168",15,8,2,2
"2176",8,9,16,72
"2182",15,8,2,2
"8674",15,8,1,2
"2199",1,8,1,2
"2227",15,8,2,2
"592",1,20,1,5
"2239",15,8,2,2
"2251",16,1,2,1
"2257",15,8,2,2
"2270",15,8,2,2
"2277",15,21,1,5
"2293",1,12,1,5
"2307",1,12,1,5
"2315",1,20,1,5
"2316",1,12,1,5
"5983",16,1,2,2
"2332",15,8,2,2
"2349",1,12,1,5
"3615",16,1,2,1
"12084",16,1,2,1
"13360",16,1,2,1
"2365",15,20,1,5
"2377",15,8,2,2
"2386",15,1,2,2
"4792",16,1,2,1
"2403",15,8,2,2
"2415",16,1,2,1
"12307",16,20,1,2
"2449",15,21,1,5
"2467",15,8,2,2
"5444",15,8,2,2
"2479",1,8,1,5
"2492",1,12,1,5
"2494",16,1,2,2
"2516",15,8,2,2
"2524",15,8,2,2
"2526",16,8,2,2
"8240",1,20,1,5
"2567",15,8,2,2
"8123",16,1,2,1
"2587",15,8,2,2
"3230",1,12,1,5
"12216",1,20,1,5
"2623",15,21,1,2
"2627",15,8,2,2
"2630",15,8,2,2
"8436",1,21,1,5
"2663",15,8,2,2
"2675",15,8,2,2
"2679",15,8,2,2
"8889",15,8,10,7
"2703",15,21,2,1
"2707",15,8,2,2
"2733",16,1,2,2
"9707",1,20,1,2
"10024",1,20,1,5
"11504",1,16,1,5
"2773",15,1,2,2
"2787",16,8,2,2
"2809",1,12,1,5
"2811",15,8,2,2
"2820",16,1,2,2
"3414",15,21,1,2
"2835",16,1,2,2
"2847",15,8,2,2
"2865",15,8,2,2
"7508",1,20,1,5
"2875",1,21,1,5
"14575",15,21,1,5
"11142",15,8,17,61
"10081",1,12,1,5
"15014",1,12,1,5
"2917",15,8,2,31
"2946",15,8,2,2
"2954",15,21,1,5
"2961",1,20,1,5
"2968",16,8,2,2
"2985",15,8,2,2
"2995",15,8,2,2
"2997",15,21,1,5
"3020",15,8,2,2
"8283",15,16,7,1
"3033",15,8,1,2
"3037",16,1,2,29
"3043",15,8,2,2
"3048",15,8,2,2
"3063",16,1,2,2
"3073",15,8,2,2
"3089",15,8,2,2
"3092",15,8,2,2
"3102",15,8,1,5
"3862",1,21,1,5
"7082",1,21,1,5
"3136",15,8,2,2
"6505",15,8,2,2
"3142",1,21,1,5
"9494",15,8,2,3
"3158",15,8,2,2
"3182",15,8,2,2
"3186",15,21,1,5
"3190",15,21,1,5
"6046",1,20,1,5
"12658",15,8,1,2
"3260",1,20,1,5
"3261",15,8,2,2
"3268",1,21,1,5
"3290",15,8,2,2
"3298",15,21,1,5
"3304",15,8,1,2
"5948",1,21,1,5
"3317",15,21,1,5
"14386",16,1,2,1
"14358",15,20,1,5
"3345",1,21,1,5
"6204",1,12,1,5
"3384",15,8,2,2
"3385",15,8,2,2
"3397",15,21,2,2
"3401",15,21,1,5
"3403",16,8,2,2
"3411",15,8,2,33
"3413",15,8,2,2
"3422",15,8,1,2
"3446",15,20,1,38
"3451",15,8,2,2
"3470",15,8,2,2
"3484",15,8,2,2
"3491",16,21,2,1
"3495",15,8,2,2
"7499",16,1,2,1
"3505",15,21,1,5
"3511",16,8,2,2
"5767",1,12,1,5
"3522",15,8,2,2
"3532",16,1,2,1
"643",1,12,1,5
"12802",15,8,2,2
"3537",1,21,1,5
"985",15,8,2,80
"3557",15,21,1,5
"7596",15,10,1,14
"3595",15,8,2,2
"3596",15,21,1,5
"3599",15,21,1,2
"3600",1,21,1,5
"3625",15,21,1,2
"3637",1,12,1,5
"3663",15,8,2,2
"14018",1,20,1,5
"3668",15,21,1,5
"7954",1,12,1,5
"8003",1,21,1,5
"14991",15,8,1,5
"3673",15,8,2,2
"3727",15,8,2,37
"3730",15,21,1,5
"3733",1,12,1,5
"3750",16,1,1,1
"5438",15,8,2,2
"3817",15,21,1,5
"3867",15,8,2,2
"3873",15,21,2,2
"3881",15,21,1,5
"6171",1,12,1,5
"3894",15,8,2,2
"3904",15,21,1,2
"3916",16,1,2,2
"3919",15,8,2,2
"10787",1,20,1,5
"11988",1,21,1,5
"14057",1,21,1,5
"3935",16,1,2,1
"3940",15,1,2,2
"3965",15,8,2,2
"8591",1,21,1,5
"3993",16,1,2,2
"4015",15,1,2,2
"4050",15,8,2,2
"4055",15,8,2,2
"4068",16,1,2,2
"4070",1,21,1,5
"4081",15,8,2,2
"4085",15,8,2,2
"4119",15,1,2,2
"13721",15,8,2,2
"4130",15,21,1,5
"4170",15,8,2,2
"4192",16,1,2,2
"4208",15,16,5,36
"246",15,12,1,28
"11023",16,1,2,1
"13542",16,1,2,1
"4234",15,8,1,5
"4241",15,8,2,2
"4243",1,21,1,5
"4262",15,8,2,2
"4268",15,8,2,2
"8448",16,21,1,2
"12153",15,21,1,2
"4271",15,1,1,2
"4291",15,8,2,2
"4322",16,1,1,1
"4323",15,8,2,1
"4338",1,21,1,5
"4350",15,8,2,2
"4370",1,20,1,5
"4373",9,11,18,78
"12202",15,21,1,2
"4383",15,21,1,5
"4384",15,21,2,2
"4412",15,8,2,2
"10212",16,1,2,1
"1660",16,1,2,1
"4483",15,8,2,2
"4487",15,8,2,2
"4756",1,20,1,5
"5688",1,20,1,5
"7010",1,20,1,5
"9236",1,20,1,5
"10836",1,20,1,5
"14819",1,20,1,2
"4524",16,16,2,2
"4526",15,8,2,2
"13328",16,1,2,1
"4536",15,8,2,2
"4542",15,8,2,2
"1943",16,1,2,1
"5272",16,1,2,1
"5917",16,8,2,2
"6073",16,1,2,1
"9253",16,1,2,1
"9267",16,1,2,2
"4555",1,12,1,5
"14633",15,21,1,8
"4568",16,1,2,2
"4576",15,8,2,2
"4594",1,21,1,5
"12386",1,12,1,5
"4597",15,8,2,2
"4599",15,8,1,37
"4600",15,8,1,2
"4610",15,8,1,2
"4618",15,8,1,2
"7718",15,21,1,2
"10054",15,8,1,5
"11820",15,8,2,2
"4640",1,21,1,5
"14037",15,8,1,2
"4649",15,8,2,2
"12576",16,1,2,1
"6425",1,21,1,5
"10753",15,21,1,5
"4659",1,21,1,5
"7262",16,1,2,1
"4700",15,21,1,5
"6015",16,1,2,1
"7772",16,1,2,2
"4754",1,21,1,5
"7840",16,1,2,1
"9601",16,1,2,1
"11210",16,21,2,1
"4794",15,21,1,5
"4800",15,21,1,5
"4801",15,8,2,2
"7445",15,8,2,15
"4826",15,8,2,2
"4843",15,8,2,2
"4846",15,8,2,2
"4849",16,1,2,2
"4857",15,8,2,2
"4858",15,8,2,2
"4862",15,21,2,8
"4863",15,8,2,2
"8663",1,20,1,2
"15254",1,21,1,2
"4869",15,8,2,2
"4874",15,21,1,5
"4875",15,21,1,5
"15152",16,20,1,5
"4904",15,8,2,2
"4910",15,8,2,2
"4921",1,12,1,5
"4943",15,21,1,5
"4954",15,8,2,4
"6873",15,16,1,5
"5005",15,8,2,2
"5006",16,1,2,1
"14652",1,20,1,5
"11074",1,21,1,5
"11481",1,12,1,5
"13104",1,12,1,5
"14363",1,12,1,5
"5920",1,12,1,5
"5044",15,8,2,2
"5057",16,1,2,1
"5060",15,8,2,2
"6820",15,8,2,2
"5081",16,1,2,2
"5086",15,8,2,15
"5105",1,21,1,5
"5108",15,21,2,2
"13118",15,8,2,44
"5139",1,12,1,5
"5144",16,1,2,25
"6391",1,20,1,5
"5149",15,21,1,2
"14064",15,13,19,53
"5179",15,1,2,2
"5182",15,21,2,2
"5191",1,21,1,5
"267",16,1,2,1
"14665",16,1,2,2
"5210",16,1,2,3
"5218",16,8,1,37
"5254",1,12,1,5
"9998",16,1,2,1
"5281",15,8,2,2
"5297",15,21,1,17
"5324",15,8,2,2
"5327",16,1,2,1
"5359",15,1,2,2
"7804",16,16,2,2
"5414",15,21,1,5
"5427",16,8,2,2
"5437",16,1,2,45
"5442",15,8,2,2
"5446",15,21,1,8
"5466",16,1,2,2
"5475",1,21,1,5
"7341",1,20,1,5
"5506",15,8,1,2
"5514",15,8,2,2
"5517",15,20,1,81
"5527",15,8,2,2
"11194",1,21,1,5
"5544",1,20,1,5
"5547",15,21,1,2
"5548",16,8,2,2
"5549",16,1,2,1
"5556",15,21,1,5
"5576",15,21,1,5
"8336",15,8,2,20
"10404",1,12,1,5
"5588",15,8,2,2
"5597",16,1,2,1
"5656",16,1,2,2
"5669",15,16,1,60
"5708",16,1,2,2
"8206",1,12,1,5
"14517",1,20,1,5
"2043",1,12,1,5
"5750",1,21,1,5
"5791",15,21,2,2
"5793",15,21,20,42
"5798",15,8,2,11
"5811",15,21,1,5
"4804",1,12,1,5
"5835",15,21,1,2
"5846",15,8,2,2
"5862",15,8,2,2
"5863",15,8,2,2
"8445",16,1,2,1
"5870",1,12,1,5
"5873",1,12,1,5
"5879",15,20,1,2
"5886",15,16,1,82
"5901",15,8,1,5
"5905",15,21,1,83
"5924",15,8,2,2
"5962",15,1,2,2
"5993",15,21,1,8
"7058",15,14,21,58
"8507",16,1,2,1
"7009",15,8,4,13
"7715",15,8,2,13
"7762",15,8,17,34
"6018",15,8,2,2
"933",16,1,2,1
"6784",16,1,2,1
"7569",16,8,2,2
"12049",16,1,2,1
"12362",16,1,2,1
"12799",16,1,2,2
"12989",15,8,2,2
"6041",15,8,1,2
"6047",15,8,2,2
"6054",15,21,1,5
"6079",15,21,1,5
"6085",16,1,2,1
"6091",15,8,2,2
"6095",15,8,2,2
"6101",15,21,20,42
"6102",15,8,2,2
"14090",15,21,1,2
"6125",15,21,1,2
"6157",15,8,2,2
"6159",15,21,1,5
"6173",15,8,2,2
"8305",15,8,2,2
"12681",15,21,1,8
"6211",15,8,2,2
"6758",16,1,2,1
"6223",1,21,1,5
"6258",15,8,2,2
"1000",15,8,1,37
"1197",15,8,1,37
"1803",15,8,1,37
"3469",15,8,1,37
"5899",15,8,1,37
"6185",15,8,1,37
"7392",15,8,1,37
"7589",15,8,1,37
"8552",15,8,1,37
"8729",16,1,2,2
"9566",15,8,1,37
"11850",15,8,1,37
"6299",15,8,2,2
"6300",15,21,1,5
"6322",15,21,1,2
"12707",1,12,1,5
"6370",16,1,2,2
"14389",1,12,1,5
"6376",15,21,1,5
"6387",16,1,2,1
"6388",15,8,2,2
"6404",15,1,2,2
"6415",15,8,2,2
"6450",16,1,2,2
"8792",15,8,2,62
"14346",15,8,2,62
"6457",1,21,1,5
"6498",15,8,2,2
"6519",15,8,1,5
"6525",15,8,2,2
"5679",16,1,2,1
"6540",15,16,1,60
"7215",16,1,2,1
"6579",15,8,2,2
"6589",15,20,1,5
"6598",15,8,2,2
"6624",15,8,2,2
"6638",15,1,2,2
"6647",15,1,2,2
"6666",15,21,1,57
"6671",15,8,1,5
"12894",16,1,2,48
"6685",15,21,2,2
"6686",15,21,1,5
"6695",15,8,2,2
"6701",15,8,1,2
"6742",15,1,2,2
"6994",1,12,1,5
"12363",1,21,1,5
"14139",1,21,1,5
"6757",16,1,2,84
"4225",15,8,2,2
"6794",15,8,2,2
"3987",15,8,2,4
"11870",15,8,2,4
"6809",15,8,2,2
"6860",16,8,2,2
"6880",15,8,2,2
"6900",16,21,2,1
"6906",1,12,1,5
"6913",15,21,1,5
"6914",15,15,22,59
"6924",15,8,2,2
"6938",15,8,2,2
"13553",15,1,2,2
"6942",15,21,1,2
"13902",15,21,1,5
"6957",15,12,1,5
"8211",1,12,1,5
"6971",15,8,1,5
"6975",15,21,1,5
"7023",15,8,2,2
"14644",1,12,1,5
"7056",15,8,2,2
"7109",15,8,1,5
"7114",15,8,2,2
"7119",16,8,2,2
"7120",15,8,1,2
"7175",15,8,2,2
"7190",16,21,2,1
"12770",15,21,1,17
"7217",15,8,2,2
"7228",15,8,1,2
"11070",1,21,1,5
"11072",1,21,1,5
"12552",1,21,1,5
"2701",15,21,1,2
"14635",15,21,1,2
"7278",15,8,2,2
"7281",15,21,6,39
"7305",15,21,1,5
"8015",1,12,1,5
"13533",15,8,2,16
"7330",15,8,2,2
"8514",1,21,1,5
"10803",1,12,1,5
"7345",15,8,2,2
"7352",15,8,2,2
"7367",15,21,1,5
"7397",15,8,2,2
"14342",15,8,2,2
"7449",15,21,1,5
"7458",15,8,2,2
"7461",16,8,2,2
"12668",16,1,2,2
"13991",16,1,2,1
"7483",15,21,1,5
"7506",15,21,1,5
"7514",15,8,2,2
"7527",15,21,1,5
"7528",15,21,1,5
"7765",1,20,1,5
"10531",15,16,7,41
"13869",15,16,7,41
"7579",15,8,2,2
"7623",16,8,2,2
"7629",15,1,2,2
"10802",1,20,1,5
"7673",15,8,1,2
"7674",15,8,1,2
"7697",15,21,1,2
"7722",15,21,1,5
"7726",15,8,2,2
"12367",16,1,2,1
"12628",16,1,2,1
"7751",15,1,2,2
"7773",15,1,2,2
"7777",15,8,2,2
"7800",15,8,2,2
"11069",16,1,2,1
"7830",15,21,1,5
"7832",1,21,1,5
"7837",15,8,2,2
"7841",1,21,1,5
"7849",15,8,2,2
"13546",1,21,1,5
"11734",16,1,2,1
"7890",16,1,2,1
"7897",15,8,2,2
"7902",15,8,2,2
"7905",15,8,2,2
"7966",15,8,2,2
"7973",15,8,2,2
"8029",15,21,1,2
"8056",15,1,2,2
"8059",15,21,1,5
"8068",15,8,2,2
"8074",1,12,1,5
"8103",15,8,2,2
"8111",15,16,1,60
"8134",1,20,1,5
"8148",15,16,5,36
"8183",16,1,2,1
"14507",15,21,2,85
"8223",15,8,2,2
"8253",15,8,2,2
"8542",15,8,23,40
"8281",15,21,1,2
"9531",10,17,24,68
"8316",16,1,2,2
"9619",16,1,2,35
"8349",15,21,1,5
"10206",1,12,1,5
"8367",15,8,2,2
"8373",15,21,1,5
"11093",15,8,2,2
"11709",16,21,2,51
"1984",16,1,2,1
"11594",16,1,2,2
"11723",16,1,2,2
"13896",16,21,2,1
"8438",1,21,1,5
"8442",15,8,2,2
"8485",15,21,1,2
"8496",15,8,2,2
"8503",15,8,2,2
"8504",15,21,6,39
"8505",15,8,2,2
"8521",1,12,1,5
"8566",15,21,1,5
"8599",15,8,1,2
"8627",15,8,2,2
"8640",15,21,1,5
"10211",16,1,2,1
"14911",16,8,2,2
"8645",15,8,2,2
"8708",15,18,2,30
"8711",15,8,2,2
"8734",15,20,1,5
"8761",15,8,2,69
"8776",15,20,1,2
"8798",15,8,2,2
"8801",15,8,2,2
"8806",15,8,2,2
"8807",15,16,1,60
"8825",15,20,2,2
"8832",1,21,1,5
"8855",1,12,1,5
"8880",15,8,2,2
"8894",15,21,1,2
"8896",15,21,1,5
"8902",15,21,6,39
"8914",15,8,2,2
"8915",15,21,1,5
"8917",11,19,25,65
"8925",15,8,2,2
"8929",16,1,2,3
"8931",15,1,2,2
"12843",16,8,2,2
"8961",15,12,1,5
"8989",15,21,1,5
"8994",16,1,2,2
"8996",15,21,1,5
"12236",15,8,26,56
"9003",15,21,1,5
"9014",1,21,1,5
"9031",15,8,2,2
"9038",16,1,2,1
"9059",15,8,2,2
"9082",15,21,1,5
"8698",15,20,1,5
"13782",15,8,1,2
"9140",1,12,1,5
"9144",1,8,1,5
"9160",15,8,2,2
"519",1,12,1,5
"9183",15,8,2,2
"9197",1,20,1,5
"15003",1,12,1,5
"9226",1,20,1,5
"9240",15,8,2,2
"9243",15,8,2,2
"9261",15,8,2,2
"14120",15,12,1,5
"9322",15,8,2,2
"9339",16,1,2,2
"9365",15,8,2,2
"9370",15,8,2,2
"9373",15,8,2,2
"9375",16,1,2,2
"11022",15,8,2,12
"9418",15,21,1,5
"9424",15,8,1,2
"9430",15,8,27,46
"5965",15,8,2,11
"9441",16,1,1,1
"9490",15,21,1,5
"9502",15,8,2,2
"9512",15,8,2,2
"9553",15,8,2,2
"9568",15,8,2,2
"3627",15,21,1,9
"14751",15,21,2,2
"9622",15,8,2,2
"9664",1,21,1,5
"9726",1,20,1,5
"9755",15,21,1,5
"9763",1,12,1,5
"9782",15,8,2,2
"9792",15,8,2,2
"9794",15,8,2,2
"9809",1,20,1,5
"9816",1,12,1,5
"9829",15,8,2,2
"9836",15,8,2,2
"9851",15,8,2,2
"13106",1,21,1,5
"9920",15,8,2,2
"9922",1,12,1,5
"9546",1,20,1,5
"9934",15,8,2,2
"2192",1,12,1,5
"9962",15,8,2,2
"9964",15,8,1,5
"11959",1,12,1,5
"9975",15,8,2,2
"9986",15,8,2,2
"9990",15,21,1,5
"9996",1,21,1,5
"10020",15,1,2,2
"10049",15,8,2,2
"10060",15,8,2,2
"10129",15,21,1,5
"10139",15,8,2,2
"10149",16,1,2,2
"10155",1,20,1,5
"10166",15,8,2,2
"10182",15,1,2,2
"10191",16,21,2,2
"14384",15,8,2,2
"10268",15,8,2,2
"647",1,12,1,5
"10316",1,12,1,5
"14052",1,20,1,5
"10279",15,8,2,2
"10285",15,8,1,2
"10290",1,21,1,5
"10293",15,8,2,2
"10300",15,8,2,43
"10321",15,8,2,2
"10355",15,1,2,2
"12921",1,12,1,5
"15005",1,21,1,5
"10381",1,21,1,5
"10386",15,21,1,5
"10395",16,8,2,86
"10405",15,1,2,2
"10412",15,8,2,2
"10420",15,1,2,3
"10427",15,8,2,2
"10434",15,8,2,2
"10447",15,8,2,2
"10458",16,1,2,1
"10468",15,8,2,2
"10480",12,22,28,76
"10481",15,8,2,2
"10487",15,1,2,87
"10512",15,1,2,2
"10520",15,8,2,2
"10534",15,8,2,2
"10564",15,8,2,2
"10582",15,8,2,2
"10590",15,8,2,2
"10599",15,8,2,2
"10616",1,21,1,5
"10628",15,1,2,5
"10638",15,8,2,2
"10642",15,8,2,2
"13778",1,21,1,5
"10653",15,8,1,2
"10659",16,10,1,14
"12215",1,21,1,5
"13967",1,12,1,5
"10708",15,21,1,5
"1849",1,20,1,5
"10741",1,20,1,47
"10759",15,8,2,2
"10808",15,8,2,2
"10834",15,1,2,2
"10886",15,8,2,2
"10888",15,8,2,2
"10891",15,8,2,2
"11673",16,8,2,2
"13658",15,20,1,2
"10929",15,8,2,2
"10936",1,20,1,5
"10974",15,21,1,5
"10993",1,21,1,5
"10994",15,8,2,2
"10995",15,8,2,2
"11011",15,8,2,2
"11025",15,8,2,2
"11034",15,21,1,2
"13647",16,8,2,2
"11063",15,8,2,2
"11077",15,21,1,5
"11092",15,21,1,2
"11123",15,1,2,2
"13955",1,20,1,5
"11257",15,8,2,2
"11272",15,8,2,2
"11316",15,8,2,2
"11336",15,21,1,5
"11342",15,8,2,2
"11357",15,8,2,2
"11360",15,21,1,5
"11372",15,21,1,2
"11386",15,8,2,2
"11390",15,8,2,2
"11412",15,8,2,2
"11430",15,8,2,2
"11443",15,8,2,4
"12397",1,21,1,2
"12211",1,12,1,5
"12556",1,12,1,5
"13894",1,12,1,5
"11516",16,1,2,2
"11547",15,21,1,5
"11560",15,21,1,5
"13182",16,1,2,2
"11576",15,1,2,2
"11588",15,8,2,2
"11592",15,8,2,2
"11613",1,20,1,5
"13334",15,12,1,55
"11700",15,8,2,2
"11728",15,8,2,27
"1092",1,20,1,5
"11730",15,21,1,5
"11735",15,1,2,2
"11742",15,1,1,2
"11745",16,8,2,2
"9228",1,12,1,5
"11757",15,21,1,5
"7311",15,8,2,10
"11801",15,21,1,5
"11802",15,8,2,2
"11815",15,21,1,2
"12427",1,12,1,5
"11838",15,8,2,2
"11839",15,8,2,2
"12881",1,8,1,43
"5624",1,20,1,5
"11883",15,1,2,2
"11896",16,1,2,2
"11899",15,21,1,5
"11915",15,8,2,2
"11924",15,21,1,5
"11933",15,21,1,5
"11966",15,8,2,2
"11980",15,8,2,2
"14229",15,10,1,14
"12016",15,8,2,2
"12019",15,8,2,2
"12034",15,8,2,2
"12036",15,21,1,5
"12072",1,20,1,5
"12098",15,8,2,2
"12122",1,21,1,5
"12193",15,8,2,2
"12275",15,8,2,2
"12305",15,8,2,2
"14629",1,20,1,5
"12332",16,8,2,2
"12340",15,1,2,2
"12372",15,21,1,2
"12387",15,8,2,2
"2655",16,1,2,2
"12408",15,8,2,2
"12413",15,8,2,2
"12441",15,21,1,2
"6541",15,8,29,18
"12468",15,8,2,2
"14743",15,8,1,2
"12527",15,8,2,2
"12528",15,8,2,2
"12531",15,8,2,2
"12541",16,1,2,1
"12550",15,8,2,2
"12561",15,8,2,2
"12592",16,8,2,2
"14252",13,23,30,64
"12622",15,8,2,2
"12627",15,8,2,2
"12677",15,8,2,2
"12682",15,8,2,2
"12689",15,21,1,5
"12740",15,8,2,2
"12751",15,8,2,2
"12782",15,8,2,2
"12804",1,12,1,5
"12805",16,1,2,1
"12807",15,21,1,5
"12840",15,8,2,2
"12851",15,1,2,2
"12872",15,8,2,2
"9250",16,1,2,1
"12892",15,8,2,2
"11352",16,21,2,1
"12898",15,8,2,2
"12907",15,8,2,2
"12918",15,8,2,2
"12933",15,21,1,2
"12935",15,8,2,2
"2000",16,1,2,3
"7657",16,1,2,3
"13010",16,1,2,3
"15230",16,1,2,3
"12948",15,21,1,5
"12951",15,21,1,5
"12952",15,8,2,2
"12957",15,8,2,2
"12968",15,8,2,2
"12987",15,8,1,5
"13009",15,1,2,2
"13052",15,21,1,22
"13080",15,8,2,2
"13087",15,21,2,2
"9693",1,12,1,5
"15134",1,20,1,5
"1462",15,1,2,2
"13134",15,8,2,2
"13150",15,8,2,2
"13165",15,8,2,2
"13189",1,21,1,5
"13255",15,21,1,5
"13261",15,8,2,2
"13301",15,8,2,2
"13308",15,1,2,2
"380",1,12,1,5
"13337",15,8,2,2
"13346",15,8,2,2
"13377",15,1,2,2
"13430",15,8,2,2
"13441",15,21,1,5
"13450",15,8,2,2
"14833",15,8,2,2
"14910",1,20,1,5
"13541",15,8,2,2
"13554",16,1,2,16
"13559",15,8,2,2
"14502",15,21,1,2
"13636",15,8,2,2
"13637",15,21,1,5
"13654",15,21,1,2
"13656",15,8,2,2
"13659",15,8,2,2
"13703",15,8,2,6
"13755",1,20,1,5
"13768",15,21,1,2
"13777",15,8,2,2
"2557",15,8,2,19
"13804",15,8,2,2
"13929",15,21,1,5
"13943",16,20,1,2
"13952",16,1,2,2
"2178",16,8,2,4
"3838",16,8,2,4
"6336",16,8,2,4
"9500",16,8,2,4
"10209",16,8,2,4
"13362",16,8,2,4
"13981",15,21,1,5
"13985",15,8,1,32
"14036",15,21,1,5
"14053",15,8,2,2
"14085",15,1,2,2
"14086",15,8,2,2
"14110",15,8,2,2
"14119",1,21,1,5
"14172",15,8,2,2
"14194",15,24,1,23
"14200",15,8,2,2
"14209",15,8,2,2
"14224",15,21,1,5
"14225",15,8,2,2
"14253",1,20,1,5
"14266",15,8,2,15
"14274",15,21,1,5
"14295",15,8,2,2
"14306",15,21,1,5
"14310",15,8,2,2
"14348",15,8,2,2
"14355",15,8,2,2
"14368",15,8,2,2
"14406",16,1,2,2
"14409",15,8,2,16
"14439",15,8,1,5
"14449",15,8,2,2
"14450",15,8,2,2
"14478",15,21,1,5
"14479",15,8,2,2
"14571",15,8,2,2
"14581",15,8,2,2
"14592",15,1,2,2
"14642",15,1,2,2
"14664",15,8,2,2
"14669",15,8,2,2
"14710",15,21,1,2
"14714",15,8,1,2
"14716",15,8,2,2
"14788",15,8,2,70
"14808",15,21,1,2
"14817",15,8,2,2
"14834",15,8,2,2
"14859",15,8,2,2
"14865",15,8,1,5
"14882",15,21,1,2
"14887",15,1,2,2
"14901",1,20,1,5
"2287",1,12,1,5
"14947",15,8,2,2
"14955",1,21,1,5
"14972",15,8,10,7
"15004",15,8,2,2
"15019",15,8,2,2
"15079",15,8,2,2
"15112",15,8,2,2
"15143",14,25,31,75
"15149",15,1,2,2
"15211",1,21,1,5
"15224",15,21,1,5
"15231",15,8,2,2
"15232",16,1,2,1
"15233",15,1,2,2
"15249",15,8,2,2
"15251",15,21,1,5
